c66bf703b7d0573e001bdd5b4fdec93b1b08fa5168fc7438dd73ebdecdcf2ac1	projects/DOC-1-060-Neurodegeneration-Aggregation/PROJECT_SUMMARY.md	DOC-1-060-Neurodegeneration-Aggregation/PROJECT_SUMMARY.md
15271387d7e36148947da406acacacdf0c7b41f5e702f26440ca6811142677e3	projects/DOC-1-060-Neurodegeneration-Aggregation/README.md	DOC-1-060-Neurodegeneration-Aggregation/README.md
e21cc5162fa3db4b0c58e365cecde0fa9f3f6aa7569c2aa53bf1d2f5df7da0cf	projects/DOC-1-060-Neurodegeneration-Aggregation/data/processed/cohort_features.csv	DOC-1-060-Neurodegeneration-Aggregation/data/processed/cohort_features.csv
c6aa8854f18f3af2e3ce099e6d49130473b0a9ad3b0577a9a8ae3c42f0f3d55a	projects/DOC-1-060-Neurodegeneration-Aggregation/data/raw/uniprot_negative_candidates.tsv	DOC-1-060-Neurodegeneration-Aggregation/data/raw/uniprot_negative_candidates.tsv
05a994c69addbbd616ed3d06317cb6a2c913649c359731b4e77c85aa3c6cdd55	projects/DOC-1-060-Neurodegeneration-Aggregation/data/raw/uniprot_positive_candidates.tsv	DOC-1-060-Neurodegeneration-Aggregation/data/raw/uniprot_positive_candidates.tsv
615d170b55bb770eb224cb0e853c5efca4f12fc812dab1ad5dd28d50b7ffeb89	projects/DOC-1-060-Neurodegeneration-Aggregation/protocol/LOCKED_PROTOCOL.md	DOC-1-060-Neurodegeneration-Aggregation/protocol/LOCKED_PROTOCOL.md
7999913ed0c70e0cca715e1c4552f2c16e3d441d5ac0ddcf395bf037548581ab	projects/DOC-1-060-Neurodegeneration-Aggregation/protocol/LOCKED_PROTOCOL.sha256	DOC-1-060-Neurodegeneration-Aggregation/protocol/LOCKED_PROTOCOL.sha256
27d7fbb1c468e3c17cceab286cbf931fcba938454aded00accff68e507748e77	projects/DOC-1-060-Neurodegeneration-Aggregation/protocol/PREOUTCOME_IMPLEMENTATION_NOTE.md	DOC-1-060-Neurodegeneration-Aggregation/protocol/PREOUTCOME_IMPLEMENTATION_NOTE.md
0016390ba4eea33269a5406e89f62050b1fb7886649ecb6cee3e9f8f760ecfdd	projects/DOC-1-060-Neurodegeneration-Aggregation/protocol/PREOUTCOME_IMPLEMENTATION_NOTE.sha256	DOC-1-060-Neurodegeneration-Aggregation/protocol/PREOUTCOME_IMPLEMENTATION_NOTE.sha256
d0f6959d1927e01cbc2e044c3a3301cba77e54c4f2ec79a004e36a3abf904f3d	projects/DOC-1-060-Neurodegeneration-Aggregation/provenance/MANIFEST.sha256	DOC-1-060-Neurodegeneration-Aggregation/provenance/MANIFEST.sha256
29d0534b07a6487327f5ee0ccb048145a75dee84754fcab56c5fcbd32c8f8df8	projects/DOC-1-060-Neurodegeneration-Aggregation/provenance/http_ledger.jsonl	DOC-1-060-Neurodegeneration-Aggregation/provenance/http_ledger.jsonl
bd883a346ca7f595246568a20d22bad7be704be9f10d7031e2cb54ce4676aee7	projects/DOC-1-060-Neurodegeneration-Aggregation/provenance/query_definition.json	DOC-1-060-Neurodegeneration-Aggregation/provenance/query_definition.json
48c4c11b26f89ca3635370ddc388cc9a0b05bce435c0666eb07e253139e5c71b	projects/DOC-1-060-Neurodegeneration-Aggregation/report/DOC-1-060_RESEARCH_REPORT.md	DOC-1-060-Neurodegeneration-Aggregation/report/DOC-1-060_RESEARCH_REPORT.md
808123c889aed3b1343ba2c7fe25feb66a48b914965940257fd693fda4f1b618	projects/DOC-1-060-Neurodegeneration-Aggregation/results/esm_secondary_status.json	DOC-1-060-Neurodegeneration-Aggregation/results/esm_secondary_status.json
3f170e37a96fc140b5636ea0fe1b976b4c9e268b8588d769f2612d25ce388f7b	projects/DOC-1-060-Neurodegeneration-Aggregation/results/fold_metrics.csv	DOC-1-060-Neurodegeneration-Aggregation/results/fold_metrics.csv
aa16e528eb1b896010456a604333557157d8d7a4a114283942ba4be1d52564d4	projects/DOC-1-060-Neurodegeneration-Aggregation/results/oof_predictions.npz	DOC-1-060-Neurodegeneration-Aggregation/results/oof_predictions.npz
7a71b5362739d5c998b172495b4c53c62965209aa427a06962e957560aae10e4	projects/DOC-1-060-Neurodegeneration-Aggregation/results/primary_inference.json	DOC-1-060-Neurodegeneration-Aggregation/results/primary_inference.json
230d8be87b9ef07b785148e0a2af5672cc9c0f69aeb9bf5fa4ca4815aba61e67	projects/DOC-1-060-Neurodegeneration-Aggregation/results/screening_log.csv	DOC-1-060-Neurodegeneration-Aggregation/results/screening_log.csv
f9b1dc7e24e88dc5e8b1238599ab63a950d5d1b0d4be5018abfbe350478941f3	projects/DOC-1-060-Neurodegeneration-Aggregation/results/summary_metrics.csv	DOC-1-060-Neurodegeneration-Aggregation/results/summary_metrics.csv
867960cddf450a14d67e21048360672a2a89d7e2e9e148736772aff548c49bff	projects/DOC-1-060-Neurodegeneration-Aggregation/scripts/analyze_primary.py	DOC-1-060-Neurodegeneration-Aggregation/scripts/analyze_primary.py
599550a4c8d5a00bf9f915463968db574976a266402508bc2ae88f8e948c2d1e	projects/DOC-1-060-Neurodegeneration-Aggregation/scripts/build_cohort_features.py	DOC-1-060-Neurodegeneration-Aggregation/scripts/build_cohort_features.py
eb8e5100b121f712c8f8e105462a7770cf2a51b3c1885b68ef4aa9298834f745	projects/DOC-1-060-Neurodegeneration-Aggregation/scripts/embed_batched.py	DOC-1-060-Neurodegeneration-Aggregation/scripts/embed_batched.py
258a8a15d31d80c22bea7937ab053272d28a6522bdb1618134a264520e46ef5e	projects/DOC-1-060-Neurodegeneration-Aggregation/scripts/fetch_uniprot.py	DOC-1-060-Neurodegeneration-Aggregation/scripts/fetch_uniprot.py
